"query","significant","p_value","term_size","query_size","intersection_size","precision","recall","term_id","source","term_name","effective_domain_size","source_order"
"query_1",TRUE,3.54655072854698e-19,194,2407,86,0.0357291233901122,0.443298969072165,"GO:0015979","GO:BP","photosynthesis",15896,4817
"query_1",TRUE,1.09298199263512e-18,1353,2407,333,0.138346489405899,0.246119733924612,"GO:0055085","GO:BP","transmembrane transport",15896,13261
"query_1",TRUE,7.01697063720431e-14,251,2407,91,0.0378063980058164,0.362549800796813,"GO:0009416","GO:BP","response to light stimulus",15896,3324
"query_1",TRUE,3.83993816377146e-13,258,2407,91,0.0378063980058164,0.352713178294574,"GO:0009314","GO:BP","response to radiation",15896,3304
"query_1",TRUE,1.46700208448191e-11,86,2407,43,0.0178645616950561,0.5,"GO:0019684","GO:BP","photosynthesis, light reaction",15896,5600
"query_1",TRUE,1.64752972699659e-11,23,2407,20,0.00830909846281678,0.869565217391304,"GO:0009765","GO:BP","photosynthesis, light harvesting",15896,3502
"query_1",TRUE,2.61298801453446e-11,1669,2407,360,0.149563772330702,0.215698022768125,"GO:0016310","GO:BP","phosphorylation",15896,4946
"query_1",TRUE,5.96375531923224e-11,2294,2407,467,0.194017449106772,0.20357454228422,"GO:0006793","GO:BP","phosphorus metabolic process",15896,2351
"query_1",TRUE,7.05443775645842e-11,2292,2407,466,0.193601994183631,0.203315881326353,"GO:0006796","GO:BP","phosphate-containing compound metabolic process",15896,2354
"query_1",TRUE,8.50417280330531e-10,1376,2407,300,0.124636476942252,0.218023255813953,"GO:0006468","GO:BP","protein phosphorylation",15896,2098
"query_1",TRUE,8.23881790547225e-09,3847,2407,711,0.295388450353137,0.184819339745256,"GO:0050896","GO:BP","response to stimulus",15896,12476
"query_1",TRUE,8.23881790547225e-09,15,2407,14,0.00581636892397175,0.933333333333333,"GO:0009768","GO:BP","photosynthesis, light harvesting in photosystem I",15896,3504
"query_1",TRUE,7.56549437333958e-07,174,2407,57,0.0236809306190278,0.327586206896552,"GO:0006720","GO:BP","isoprenoid metabolic process",15896,2302
"query_1",TRUE,1.24107369839705e-05,147,2407,48,0.0199418363107603,0.326530612244898,"GO:0008299","GO:BP","isoprenoid biosynthetic process",15896,3019
"query_1",TRUE,1.24107369839705e-05,38,2407,20,0.00830909846281678,0.526315789473684,"GO:0071482","GO:BP","cellular response to light stimulus",15896,15577
"query_1",TRUE,1.99378632926819e-05,132,2407,44,0.0182800166181969,0.333333333333333,"GO:0006721","GO:BP","terpenoid metabolic process",15896,2303
"query_1",TRUE,2.48276328759279e-05,27,2407,16,0.00664727877025343,0.592592592592593,"GO:0010109","GO:BP","regulation of photosynthesis",15896,3754
"query_1",TRUE,5.23258745202081e-05,41,2407,20,0.00830909846281678,0.48780487804878,"GO:0071478","GO:BP","cellular response to radiation",15896,15573
"query_1",TRUE,6.28193767959593e-05,56,2407,24,0.00997091815538014,0.428571428571429,"GO:0071214","GO:BP","cellular response to abiotic stimulus",15896,15342
"query_1",TRUE,6.28193767959593e-05,56,2407,24,0.00997091815538014,0.428571428571429,"GO:0104004","GO:BP","cellular response to environmental stimulus",15896,17955
"query_1",TRUE,6.28193767959593e-05,1319,2407,263,0.109264644786041,0.199393479909022,"GO:0044281","GO:BP","small molecule metabolic process",15896,10246
"query_1",TRUE,6.28193767959593e-05,79,2407,30,0.0124636476942252,0.379746835443038,"GO:0015698","GO:BP","inorganic anion transport",15896,4579
"query_1",TRUE,0.00013347141521482,878,2407,184,0.0764437058579144,0.209567198177677,"GO:0009605","GO:BP","response to external stimulus",15896,3376
"query_1",TRUE,0.000137495789647274,217,2407,60,0.0249272953884504,0.276497695852535,"GO:0030001","GO:BP","metal ion transport",15896,6211
"query_1",TRUE,0.000160452708026154,11,2407,9,0.00373909430826755,0.818181818181818,"GO:0071483","GO:BP","cellular response to blue light",15896,15578
"query_1",TRUE,0.000166401682259787,448,2407,105,0.0436227669297881,0.234375,"GO:0006811","GO:BP","monoatomic ion transport",15896,2363
"query_1",TRUE,0.00016799553143603,34,2407,17,0.00706273369339427,0.5,"GO:0006817","GO:BP","phosphate ion transport",15896,2368
"query_1",TRUE,0.000171403505878966,71,2407,27,0.0112172829248027,0.380281690140845,"GO:0046148","GO:BP","pigment biosynthetic process",15896,11133
"query_1",TRUE,0.000239524975230309,110,2407,36,0.0149563772330702,0.327272727272727,"GO:0016114","GO:BP","terpenoid biosynthetic process",15896,4886
"query_1",TRUE,0.000252574413212093,35,2407,17,0.00706273369339427,0.485714285714286,"GO:0015995","GO:BP","chlorophyll biosynthetic process",15896,4825
"query_1",TRUE,0.000278054005233375,111,2407,36,0.0149563772330702,0.324324324324324,"GO:0048580","GO:BP","regulation of post-embryonic development",15896,12002
"query_1",TRUE,0.000278054005233375,402,2407,95,0.0394682176983797,0.236318407960199,"GO:0034220","GO:BP","monoatomic ion transmembrane transport",15896,7944
"query_1",TRUE,0.000278054005233375,46,2407,20,0.00830909846281678,0.434782608695652,"GO:0009070","GO:BP","serine family amino acid biosynthetic process",15896,3101
"query_1",TRUE,0.000295612667076347,837,2407,174,0.072289156626506,0.207885304659498,"GO:0009607","GO:BP","response to biotic stimulus",15896,3378
"query_1",TRUE,0.000344638698120006,270,2407,69,0.0286663896967179,0.255555555555556,"GO:0006790","GO:BP","sulfur compound metabolic process",15896,2348
"query_1",TRUE,0.000374927768469971,12,2407,9,0.00373909430826755,0.75,"GO:0042548","GO:BP","regulation of photosynthesis, light reaction",15896,9585
"query_1",TRUE,0.000374927768469971,12,2407,9,0.00373909430826755,0.75,"GO:0043467","GO:BP","regulation of generation of precursor metabolites and energy",15896,10038
"query_1",TRUE,0.000419908579349313,439,2407,101,0.0419609472372248,0.230068337129841,"GO:0006091","GO:BP","generation of precursor metabolites and energy",15896,1853
"query_1",TRUE,0.000532170260905132,10,2407,8,0.00332363938512671,0.8,"GO:0030522","GO:BP","intracellular receptor signaling pathway",15896,6392
"query_1",TRUE,0.000532170260905132,115,2407,36,0.0149563772330702,0.31304347826087,"GO:2000026","GO:BP","regulation of multicellular organismal development",15896,23538
"query_1",TRUE,0.000532170260905132,10,2407,8,0.00332363938512671,0.8,"GO:0009785","GO:BP","blue light signaling pathway",15896,3512
"query_1",TRUE,0.000991907771163582,50,2407,20,0.00830909846281678,0.4,"GO:0006081","GO:BP","aldehyde metabolic process",15896,1845
"query_1",TRUE,0.00107289213013821,807,2407,165,0.0685500623182385,0.204460966542751,"GO:0043207","GO:BP","response to external biotic stimulus",15896,9908
"query_1",TRUE,0.00107289213013821,807,2407,165,0.0685500623182385,0.204460966542751,"GO:0051707","GO:BP","response to other organism",15896,12978
"query_1",TRUE,0.00118779494521849,88,2407,29,0.0120481927710843,0.329545454545455,"GO:0042440","GO:BP","pigment metabolic process",15896,9527
"query_1",TRUE,0.00122454178857758,47,2407,19,0.00789364353967595,0.404255319148936,"GO:0015994","GO:BP","chlorophyll metabolic process",15896,4824
"query_1",TRUE,0.0012656194317381,1312,2407,251,0.104279185708351,0.191310975609756,"GO:0042221","GO:BP","response to chemical",15896,9400
"query_1",TRUE,0.00134052113607596,675,2407,141,0.0585791441628583,0.208888888888889,"GO:0009628","GO:BP","response to abiotic stimulus",15896,3392
"query_1",TRUE,0.0015281235455113,26,2407,13,0.00540091400083091,0.5,"GO:0009637","GO:BP","response to blue light",15896,3398
"query_1",TRUE,0.00157236345626271,64,2407,23,0.0095554632322393,0.359375,"GO:0048831","GO:BP","regulation of shoot system development",15896,12224
"query_1",TRUE,0.00185163960527143,14,2407,9,0.00373909430826755,0.642857142857143,"GO:0006544","GO:BP","glycine metabolic process",15896,2150
"query_1",TRUE,0.00190514956581369,69,2407,24,0.00997091815538014,0.347826086956522,"GO:0009639","GO:BP","response to red or far red light",15896,3400
"query_1",TRUE,0.00213574068879438,142,2407,40,0.0166181969256336,0.28169014084507,"GO:0051239","GO:BP","regulation of multicellular organismal process",15896,12691
"query_1",TRUE,0.00235778448417997,833,2407,167,0.0693809721645201,0.200480192076831,"GO:0044419","GO:BP","biological process involved in interspecies interaction between organisms",15896,10288
"query_1",TRUE,0.00248099222548058,794,2407,160,0.0664727877025343,0.201511335012594,"GO:0006082","GO:BP","organic acid metabolic process",15896,1846
"query_1",TRUE,0.00248099222548058,794,2407,160,0.0664727877025343,0.201511335012594,"GO:0043436","GO:BP","oxoacid metabolic process",15896,10020
"query_1",TRUE,0.00264187863802109,58,2407,21,0.00872455338595762,0.362068965517241,"GO:0009909","GO:BP","regulation of flower development",15896,3604
"query_1",TRUE,0.00264900744389045,50,2407,19,0.00789364353967595,0.38,"GO:0009648","GO:BP","photoperiodism",15896,3409
"query_1",TRUE,0.00264900744389045,31,2407,14,0.00581636892397175,0.451612903225806,"GO:0006563","GO:BP","L-serine metabolic process",15896,2166
"query_1",TRUE,0.00329468479439361,28,2407,13,0.00540091400083091,0.464285714285714,"GO:0006835","GO:BP","dicarboxylic acid transport",15896,2377
"query_1",TRUE,0.00329468479439361,15,2407,9,0.00373909430826755,0.6,"GO:0035435","GO:BP","phosphate ion transmembrane transport",15896,8452
"query_1",TRUE,0.00329468479439361,15,2407,9,0.00373909430826755,0.6,"GO:0019682","GO:BP","glyceraldehyde-3-phosphate metabolic process",15896,5598
"query_1",TRUE,0.00379678619683154,132,2407,37,0.015371832156211,0.28030303030303,"GO:0006575","GO:BP","modified amino acid metabolic process",15896,2178
"query_1",TRUE,0.0044972066575246,82,2407,26,0.0108018280016618,0.317073170731707,"GO:0006749","GO:BP","glutathione metabolic process",15896,2321
"query_1",TRUE,0.00465987747946222,1099,2407,210,0.0872455338595762,0.191082802547771,"GO:0007165","GO:BP","signal transduction",15896,2595
"query_1",TRUE,0.00474011709602805,124,2407,35,0.0145409223099294,0.282258064516129,"GO:0072524","GO:BP","pyridine-containing compound metabolic process",15896,16248
"query_1",TRUE,0.00516132370923178,33,2407,14,0.00581636892397175,0.424242424242424,"GO:0035672","GO:BP","oligopeptide transmembrane transport",15896,8561
"query_1",TRUE,0.00516132370923178,106,2407,31,0.012879102617366,0.292452830188679,"GO:0044272","GO:BP","sulfur compound biosynthetic process",15896,10242
"query_1",TRUE,0.00516132370923178,19,2407,10,0.00415454923140839,0.526315789473684,"GO:0015740","GO:BP","C4-dicarboxylate transport",15896,4620
"query_1",TRUE,0.00516132370923178,83,2407,26,0.0108018280016618,0.313253012048193,"GO:0003333","GO:BP","amino acid transmembrane transport",15896,1683
"query_1",TRUE,0.00516132370923178,19,2407,10,0.00415454923140839,0.526315789473684,"GO:0015743","GO:BP","malate transport",15896,4623
"query_1",TRUE,0.00520367756192903,49,2407,18,0.00747818861653511,0.36734693877551,"GO:0042908","GO:BP","xenobiotic transport",15896,9778
"query_1",TRUE,0.00520367756192903,45,2407,17,0.00706273369339427,0.377777777777778,"GO:0006779","GO:BP","porphyrin-containing compound biosynthetic process",15896,2337
"query_1",TRUE,0.00520367756192903,26,2407,12,0.00498545907769007,0.461538461538462,"GO:0007178","GO:BP","cell surface receptor protein serine/threonine kinase signaling pathway",15896,2605
"query_1",TRUE,0.00520367756192903,26,2407,12,0.00498545907769007,0.461538461538462,"GO:0007167","GO:BP","enzyme-linked receptor protein signaling pathway",15896,2597
"query_1",TRUE,0.00520367756192903,267,2407,63,0.0261736601578729,0.235955056179775,"GO:0098754","GO:BP","detoxification",15896,17633
"query_1",TRUE,0.00520367756192903,45,2407,17,0.00706273369339427,0.377777777777778,"GO:0048573","GO:BP","photoperiodism, flowering",15896,11995
"query_1",TRUE,0.00520367756192903,246,2407,59,0.0245118404653095,0.239837398373984,"GO:0042592","GO:BP","homeostatic process",15896,9598
"query_1",TRUE,0.00561502891379081,216,2407,53,0.0220191109264645,0.24537037037037,"GO:0048878","GO:BP","chemical homeostasis",15896,12266
"query_1",TRUE,0.00639404385701864,567,2407,117,0.0486082260074782,0.206349206349206,"GO:0044283","GO:BP","small molecule biosynthetic process",15896,10248
"query_1",TRUE,0.00640881174418045,1110,2407,210,0.0872455338595762,0.189189189189189,"GO:0023052","GO:BP","signaling",15896,6205
"query_1",TRUE,0.00640881174418045,962,2407,185,0.0768591607810553,0.192307692307692,"GO:0006952","GO:BP","defense response",15896,2452
"query_1",TRUE,0.00640881174418045,94,2407,28,0.0116327378479435,0.297872340425532,"GO:0006865","GO:BP","amino acid transport",15896,2398
"query_1",TRUE,0.00640881174418045,108,2407,31,0.012879102617366,0.287037037037037,"GO:0008643","GO:BP","carbohydrate transport",15896,3081
"query_1",TRUE,0.00640881174418045,275,2407,64,0.0265891150810137,0.232727272727273,"GO:0009636","GO:BP","response to toxic substance",15896,3397
"query_1",TRUE,0.00699315274006648,8,2407,6,0.00249272953884504,0.75,"GO:0010206","GO:BP","photosystem II repair",15896,3822
"query_1",TRUE,0.00722708662944467,20,2407,10,0.00415454923140839,0.5,"GO:0009853","GO:BP","photorespiration",15896,3564
"query_1",TRUE,0.00785403893934987,77,2407,24,0.00997091815538014,0.311688311688312,"GO:0000041","GO:BP","transition metal ion transport",15896,15
"query_1",TRUE,0.00793712600193865,31,2407,13,0.00540091400083091,0.419354838709677,"GO:0015749","GO:BP","monosaccharide transmembrane transport",15896,4629
"query_1",TRUE,0.00829338385723233,47,2407,17,0.00706273369339427,0.361702127659574,"GO:0033014","GO:BP","tetrapyrrole biosynthetic process",15896,7464
"query_1",TRUE,0.00853156139168215,1117,2407,210,0.0872455338595762,0.188003581020591,"GO:0007154","GO:BP","cell communication",15896,2584
"query_1",TRUE,0.00870944829984464,11,2407,7,0.00290818446198587,0.636363636363636,"GO:0030091","GO:BP","protein repair",15896,6239
"query_1",TRUE,0.00870944829984464,60,2407,20,0.00830909846281678,0.333333333333333,"GO:0006778","GO:BP","porphyrin-containing compound metabolic process",15896,2336
"query_1",TRUE,0.00942337938830597,227,2407,54,0.0224345658496053,0.237885462555066,"GO:0007166","GO:BP","cell surface receptor signaling pathway",15896,2596
"query_1",TRUE,0.00942337938830597,912,2407,175,0.0727046115496469,0.191885964912281,"GO:0006629","GO:BP","lipid metabolic process",15896,2220
"query_1",TRUE,0.00978182852713102,28,2407,12,0.00498545907769007,0.428571428571429,"GO:0016116","GO:BP","carotenoid metabolic process",15896,4888
"query_1",TRUE,0.00978182852713102,778,2407,152,0.0631491483174076,0.195372750642674,"GO:0019752","GO:BP","carboxylic acid metabolic process",15896,5632
"query_1",TRUE,0.00983001404722416,6,2407,5,0.0020772746157042,0.833333333333333,"GO:0042549","GO:BP","photosystem II stabilization",15896,9586
"query_1",TRUE,0.00983001404722416,6,2407,5,0.0020772746157042,0.833333333333333,"GO:0010273","GO:BP","detoxification of copper ion",15896,3875
"query_1",TRUE,0.00983001404722416,6,2407,5,0.0020772746157042,0.833333333333333,"GO:1990169","GO:BP","stress response to copper ion",15896,23260
"query_1",TRUE,0.0117657194965954,66,2407,21,0.00872455338595762,0.318181818181818,"GO:0140115","GO:BP","export across plasma membrane",15896,18403
"query_1",TRUE,0.0120200398360582,89,2407,26,0.0108018280016618,0.292134831460674,"GO:2000241","GO:BP","regulation of reproductive process",15896,23705
"query_1",TRUE,0.0121670241208246,49,2407,17,0.00706273369339427,0.346938775510204,"GO:0006857","GO:BP","oligopeptide transport",15896,2392
"query_1",TRUE,0.0121670241208246,18,2407,9,0.00373909430826755,0.5,"GO:0006535","GO:BP","L-cysteine biosynthetic process from L-serine",15896,2144
"query_1",TRUE,0.0121670241208246,49,2407,17,0.00706273369339427,0.346938775510204,"GO:0015833","GO:BP","peptide transport",15896,4704
"query_1",TRUE,0.0121670241208246,257,2407,59,0.0245118404653095,0.229571984435798,"GO:0050793","GO:BP","regulation of developmental process",15896,12400
"query_1",TRUE,0.0121670241208246,62,2407,20,0.00830909846281678,0.32258064516129,"GO:0033013","GO:BP","tetrapyrrole metabolic process",15896,7463
"query_1",TRUE,0.0121670241208246,311,2407,69,0.0286663896967179,0.221864951768489,"GO:0098655","GO:BP","monoatomic cation transmembrane transport",15896,17576
"query_1",TRUE,0.0132812090060537,345,2407,75,0.0311591192355629,0.217391304347826,"GO:0006812","GO:BP","monoatomic cation transport",15896,2364
"query_1",TRUE,0.0135512376632751,114,2407,31,0.012879102617366,0.271929824561404,"GO:0046496","GO:BP","nicotinamide nucleotide metabolic process",15896,11365
"query_1",TRUE,0.0137574831240162,15,2407,8,0.00332363938512671,0.533333333333333,"GO:0009773","GO:BP","photosynthetic electron transport in photosystem I",15896,3507
"query_1",TRUE,0.0147759422064348,63,2407,20,0.00830909846281678,0.317460317460317,"GO:0006006","GO:BP","glucose metabolic process",15896,1790
"query_1",TRUE,0.0148249730303002,12,2407,7,0.00290818446198587,0.583333333333333,"GO:0030388","GO:BP","fructose 1,6-bisphosphate metabolic process",15896,6344
"query_1",TRUE,0.0157204160742189,125,2407,33,0.0137100124636477,0.264,"GO:0055082","GO:BP","intracellular chemical homeostasis",15896,13260
"query_1",TRUE,0.0177348650154964,34,2407,13,0.00540091400083091,0.382352941176471,"GO:0000097","GO:BP","sulfur amino acid biosynthetic process",15896,42
"query_1",TRUE,0.0178702142937421,141,2407,36,0.0149563772330702,0.25531914893617,"GO:0050801","GO:BP","monoatomic ion homeostasis",15896,12406
"query_1",TRUE,0.0181110763205951,19,2407,9,0.00373909430826755,0.473684210526316,"GO:0009686","GO:BP","gibberellin biosynthetic process",15896,3431
"query_1",TRUE,0.0183350341725562,78,2407,23,0.0095554632322393,0.294871794871795,"GO:0015849","GO:BP","organic acid transport",15896,4719
"query_1",TRUE,0.0183350341725562,78,2407,23,0.0095554632322393,0.294871794871795,"GO:0046942","GO:BP","carboxylic acid transport",15896,11597
"query_1",TRUE,0.0204535966582313,777,2407,149,0.061902783547985,0.191763191763192,"GO:0070887","GO:BP","cellular response to chemical stimulus",15896,15231
"query_1",TRUE,0.0204653971696281,74,2407,22,0.00914000830909846,0.297297297297297,"GO:0006813","GO:BP","potassium ion transport",15896,2365
"query_1",TRUE,0.0209723337515497,56,2407,18,0.00747818861653511,0.321428571428571,"GO:0006820","GO:BP","monoatomic anion transport",15896,2369
"query_1",TRUE,0.0218028728816704,39,2407,14,0.00581636892397175,0.358974358974359,"GO:0009640","GO:BP","photomorphogenesis",15896,3401
"query_1",TRUE,0.0218028728816704,108,2407,29,0.0120481927710843,0.268518518518519,"GO:0048544","GO:BP","recognition of pollen",15896,11976
"query_1",TRUE,0.0218028728816704,108,2407,29,0.0120481927710843,0.268518518518519,"GO:0008037","GO:BP","cell recognition",15896,2959
"query_1",TRUE,0.0237556184336501,7,2407,5,0.0020772746157042,0.714285714285714,"GO:0006545","GO:BP","glycine biosynthetic process",15896,2151
"query_1",TRUE,0.0237556184336501,154,2407,38,0.0157872870793519,0.246753246753247,"GO:0019725","GO:BP","cellular homeostasis",15896,5617
"query_1",TRUE,0.0251408814581712,57,2407,18,0.00747818861653511,0.31578947368421,"GO:0016101","GO:BP","diterpenoid metabolic process",15896,4875
"query_1",TRUE,0.0258781605069325,20,2407,9,0.00373909430826755,0.45,"GO:0006714","GO:BP","sesquiterpenoid metabolic process",15896,2297
"query_1",TRUE,0.0261510307501728,71,2407,21,0.00872455338595762,0.295774647887324,"GO:0043648","GO:BP","dicarboxylic acid metabolic process",15896,10138
"query_1",TRUE,0.0261510307501728,10,2407,6,0.00249272953884504,0.6,"GO:0006000","GO:BP","fructose metabolic process",15896,1784
"query_1",TRUE,0.0269030363740594,145,2407,36,0.0149563772330702,0.248275862068966,"GO:0009617","GO:BP","response to bacterium",15896,3386
"query_1",TRUE,0.0284353819280505,36,2407,13,0.00540091400083091,0.361111111111111,"GO:0007623","GO:BP","circadian rhythm",15896,2940
"query_1",TRUE,0.029119128330699,32,2407,12,0.00498545907769007,0.375,"GO:0006730","GO:BP","one-carbon metabolic process",15896,2310
"query_1",TRUE,0.0302487503228178,2351,2407,404,0.167843788948899,0.171841769459804,"GO:0036211","GO:BP","protein modification process",15896,8878
"query_1",TRUE,0.0318334218396433,45,2407,15,0.00623182384711259,0.333333333333333,"GO:0016102","GO:BP","diterpenoid biosynthetic process",15896,4876
"query_1",TRUE,0.0321386795664535,63,2407,19,0.00789364353967595,0.301587301587302,"GO:0010228","GO:BP","vegetative to reproductive phase transition of meristem",15896,3839
"query_1",TRUE,0.0325675652398397,54,2407,17,0.00706273369339427,0.314814814814815,"GO:0010038","GO:BP","response to metal ion",15896,3685
"query_1",TRUE,0.0359112114929994,21,2407,9,0.00373909430826755,0.428571428571429,"GO:0046686","GO:BP","response to cadmium ion",15896,11479
"query_1",TRUE,0.0359112114929994,37,2407,13,0.00540091400083091,0.351351351351351,"GO:0009642","GO:BP","response to light intensity",15896,3403
"query_1",TRUE,0.0359112114929994,37,2407,13,0.00540091400083091,0.351351351351351,"GO:0009767","GO:BP","photosynthetic electron transport chain",15896,3503
"query_1",TRUE,0.0360824461429344,25,2407,10,0.00415454923140839,0.4,"GO:0019344","GO:BP","L-cysteine biosynthetic process",15896,5371
"query_1",TRUE,0.0360824461429344,25,2407,10,0.00415454923140839,0.4,"GO:0006094","GO:BP","gluconeogenesis",15896,1854
"query_1",TRUE,0.0360824461429344,5,2407,4,0.00166181969256336,0.8,"GO:0015837","GO:BP","amine transport",15896,4708
"query_1",TRUE,0.0360824461429344,5,2407,4,0.00166181969256336,0.8,"GO:0009052","GO:BP","pentose-phosphate shunt, non-oxidative branch",15896,3091
"query_1",TRUE,0.0360824461429344,5,2407,4,0.00166181969256336,0.8,"GO:0051955","GO:BP","regulation of amino acid transport",15896,13083
"query_1",TRUE,0.0360824461429344,5,2407,4,0.00166181969256336,0.8,"GO:0032973","GO:BP","amino acid export across plasma membrane",15896,7443
"query_1",TRUE,0.0360824461429344,5,2407,4,0.00166181969256336,0.8,"GO:0051952","GO:BP","regulation of amine transport",15896,13080
"query_1",TRUE,0.0360824461429344,5,2407,4,0.00166181969256336,0.8,"GO:0080143","GO:BP","regulation of amino acid export",15896,16639
"query_1",TRUE,0.0360824461429344,5,2407,4,0.00166181969256336,0.8,"GO:1903789","GO:BP","regulation of amino acid transmembrane transport",15896,21647
"query_1",TRUE,0.0360824461429344,83,2407,23,0.0095554632322393,0.27710843373494,"GO:0034219","GO:BP","carbohydrate transmembrane transport",15896,7943
"query_1",TRUE,0.039935038808681,2314,2407,396,0.164520149563772,0.171132238547969,"GO:0006810","GO:BP","transport",15896,2362
"query_1",TRUE,0.039935038808681,535,2407,105,0.0436227669297881,0.196261682242991,"GO:1901700","GO:BP","response to oxygen-containing compound",15896,20237
"query_1",TRUE,0.0426817829360421,11,2407,6,0.00249272953884504,0.545454545454545,"GO:0046655","GO:BP","folic acid metabolic process",15896,11452
"query_1",TRUE,0.0428264184660617,94,2407,25,0.010386373078521,0.265957446808511,"GO:0006090","GO:BP","pyruvate metabolic process",15896,1852
"query_1",TRUE,0.0429492198131117,381,2407,78,0.0324054840049855,0.204724409448819,"GO:0098542","GO:BP","defense response to other organism",15896,17559
"query_1",TRUE,0.043610945690984,8,2407,5,0.0020772746157042,0.625,"GO:0071423","GO:BP","malate transmembrane transport",15896,15537
"query_1",TRUE,0.043610945690984,8,2407,5,0.0020772746157042,0.625,"GO:0061687","GO:BP","detoxification of inorganic compound",15896,14522
"query_1",TRUE,0.043610945690984,56,2407,17,0.00706273369339427,0.303571428571429,"GO:0062197","GO:BP","cellular response to chemical stress",15896,14755
"query_1",TRUE,0.043610945690984,8,2407,5,0.0020772746157042,0.625,"GO:0097501","GO:BP","stress response to metal ion",15896,17457
"query_1",TRUE,0.043610945690984,56,2407,17,0.00706273369339427,0.303571428571429,"GO:0045490","GO:BP","pectin catabolic process",15896,10640
"query_1",TRUE,0.046126863906805,61,2407,18,0.00747818861653511,0.295081967213115,"GO:0071805","GO:BP","potassium ion transmembrane transport",15896,15775
"query_1",TRUE,0.0465593429291669,26,2407,10,0.00415454923140839,0.384615384615385,"GO:0019319","GO:BP","hexose biosynthetic process",15896,5348
"query_1",TRUE,0.0469383493126054,43,2407,14,0.00581636892397175,0.325581395348837,"GO:0048511","GO:BP","rhythmic process",15896,11947
"query_1",TRUE,0.0469383493126054,221,2407,49,0.0203572912339011,0.221719457013575,"GO:1990748","GO:BP","cellular detoxification",15896,23423
"query_1",TRUE,0.0469383493126054,95,2407,25,0.010386373078521,0.263157894736842,"GO:0098771","GO:BP","inorganic ion homeostasis",15896,17646
"query_1",TRUE,0.0474218659656329,66,2407,19,0.00789364353967595,0.287878787878788,"GO:0000302","GO:BP","response to reactive oxygen species",15896,87
"query_1",TRUE,0.0479261795213978,3,2407,3,0.00124636476942252,1,"GO:0034051","GO:BP","negative regulation of plant-type hypersensitive response",15896,7823
"query_1",TRUE,0.0479261795213978,3,2407,3,0.00124636476942252,1,"GO:0009962","GO:BP","regulation of flavonoid biosynthetic process",15896,3639
"query_1",TRUE,0.0479261795213978,378,2407,77,0.0319900290818446,0.203703703703704,"GO:0048367","GO:BP","shoot system development",15896,11853
"query_1",TRUE,0.0479261795213978,3,2407,3,0.00124636476942252,1,"GO:0080005","GO:BP","photosystem stoichiometry adjustment",15896,16588
"query_1",TRUE,0.0483407912010264,316,2407,66,0.0274200249272954,0.208860759493671,"GO:0048583","GO:BP","regulation of response to stimulus",15896,12005
"query_1",TRUE,0.0491679665368167,57,2407,17,0.00706273369339427,0.298245614035088,"GO:1905039","GO:BP","carboxylic acid transmembrane transport",15896,22566
"query_1",TRUE,0.0492090854358563,222,2407,49,0.0203572912339011,0.220720720720721,"GO:0097237","GO:BP","cellular response to toxic substance",15896,17331
"query_1",TRUE,1.39041706954081e-23,1582,2472,384,0.155339805825243,0.242730720606827,"GO:0005886","GO:CC","plasma membrane",16760,409
"query_1",TRUE,8.93571197508878e-22,1757,2472,409,0.165453074433657,0.232783153101878,"GO:0071944","GO:CC","cell periphery",16760,2724
"query_1",TRUE,1.96658157052112e-21,8015,2472,1410,0.570388349514563,0.175920149719276,"GO:0016020","GO:CC","membrane",16760,699
"query_1",TRUE,1.9040258074011e-19,1060,2472,270,0.109223300970874,0.254716981132075,"GO:0009507","GO:CC","chloroplast",16760,569
"query_1",TRUE,1.29410411543396e-18,350,2472,120,0.0485436893203883,0.342857142857143,"GO:0009526","GO:CC","plastid envelope",16760,587
"query_1",TRUE,1.29410411543396e-18,234,2472,92,0.0372168284789644,0.393162393162393,"GO:0009579","GO:CC","thylakoid",16760,621
"query_1",TRUE,7.1645021175106e-18,197,2472,81,0.0327669902912621,0.411167512690355,"GO:0034357","GO:CC","photosynthetic membrane",16760,1435
"query_1",TRUE,1.01275798406368e-17,299,2472,106,0.0428802588996764,0.354515050167224,"GO:0042170","GO:CC","plastid membrane",16760,1741
"query_1",TRUE,1.3878274639816e-17,1134,2472,277,0.11205501618123,0.244268077601411,"GO:0009536","GO:CC","plastid",16760,597
"query_1",TRUE,1.38690203184232e-15,178,2472,72,0.029126213592233,0.404494382022472,"GO:0009534","GO:CC","chloroplast thylakoid",16760,595
"query_1",TRUE,1.38690203184232e-15,178,2472,72,0.029126213592233,0.404494382022472,"GO:0031976","GO:CC","plastid thylakoid",16760,1194
"query_1",TRUE,5.27478099748051e-15,182,2472,72,0.029126213592233,0.395604395604396,"GO:0042651","GO:CC","thylakoid membrane",16760,1788
"query_1",TRUE,1.68074686634514e-14,151,2472,63,0.0254854368932039,0.417218543046358,"GO:0055035","GO:CC","plastid thylakoid membrane",16760,2188
"query_1",TRUE,1.68074686634514e-14,151,2472,63,0.0254854368932039,0.417218543046358,"GO:0009535","GO:CC","chloroplast thylakoid membrane",16760,596
"query_1",TRUE,1.65198547980214e-12,252,2472,84,0.0339805825242718,0.333333333333333,"GO:0031968","GO:CC","organelle outer membrane",16760,1188
"query_1",TRUE,1.98900933792723e-12,253,2472,84,0.0339805825242718,0.33201581027668,"GO:0019867","GO:CC","outer membrane",16760,801
"query_1",TRUE,5.06051387020493e-12,29,2472,22,0.00889967637540453,0.758620689655172,"GO:0009522","GO:CC","photosystem I",16760,583
"query_1",TRUE,7.1730652602526e-12,86,2472,41,0.0165857605177994,0.476744186046512,"GO:0009521","GO:CC","photosystem",16760,582
"query_1",TRUE,4.92110869286632e-09,72,2472,33,0.0133495145631068,0.458333333333333,"GO:0009523","GO:CC","photosystem II",16760,584
"query_1",TRUE,1.54472057117004e-06,188,2472,56,0.0226537216828479,0.297872340425532,"GO:0009941","GO:CC","chloroplast envelope",16760,640
"query_1",TRUE,9.08502995128393e-06,146,2472,45,0.0182038834951456,0.308219178082192,"GO:0031969","GO:CC","chloroplast membrane",16760,1189
"query_1",TRUE,0.00069102400341191,711,2472,143,0.0578478964401294,0.20112517580872,"GO:0031967","GO:CC","organelle envelope",16760,1187
"query_1",TRUE,0.00100411564858171,5,2472,5,0.00202265372168285,1,"GO:0009538","GO:CC","photosystem I reaction center",16760,599
"query_1",TRUE,0.0147794922511643,146,2472,36,0.0145631067961165,0.246575342465753,"GO:0009532","GO:CC","plastid stroma",16760,593
"query_1",TRUE,0.0195056080714996,138,2472,34,0.0137540453074434,0.246376811594203,"GO:0009570","GO:CC","chloroplast stroma",16760,613
"query_1",TRUE,0.0227026206695986,55,2472,17,0.00687702265372168,0.309090909090909,"GO:0009707","GO:CC","chloroplast outer membrane",16760,627
"query_1",TRUE,0.0228134660027093,29,2472,11,0.00444983818770227,0.379310344827586,"GO:0009654","GO:CC","photosystem II oxygen evolving complex",16760,622
"query_1",TRUE,0.0431880461617398,16627,2472,2463,0.996359223300971,0.148132555482047,"GO:0110165","GO:CC","cellular anatomical structure",16760,3366
"query_1",TRUE,0.0463303305226881,59,2472,17,0.00687702265372168,0.288135593220339,"GO:0009527","GO:CC","plastid outer membrane",16760,588
"query_1",TRUE,4.44841879094041e-13,1291,2815,309,0.109769094138544,0.239349341595662,"GO:0022857","GO:MF","transmembrane transporter activity",18049,3516
"query_1",TRUE,1.85626758895276e-12,1326,2815,312,0.110834813499112,0.235294117647059,"GO:0005215","GO:MF","transporter activity",18049,1319
"query_1",TRUE,6.82019701128795e-11,9681,2815,1687,0.599289520426288,0.174258857556038,"GO:0003824","GO:MF","catalytic activity",18049,356
"query_1",TRUE,1.95289625040568e-10,1683,2815,368,0.130728241563055,0.21865715983363,"GO:0016301","GO:MF","kinase activity",18049,2682
"query_1",TRUE,2.63749649555947e-10,1379,2815,311,0.110479573712256,0.225525743292241,"GO:0004672","GO:MF","protein kinase activity",18049,942
"query_1",TRUE,5.99920250886117e-10,1531,2815,337,0.119715808170515,0.220117570215545,"GO:0016773","GO:MF","phosphotransferase activity, alcohol group as acceptor",18049,2882
"query_1",TRUE,3.15873234999607e-08,1653,2815,350,0.124333925399645,0.211736237144586,"GO:0016491","GO:MF","oxidoreductase activity",18049,2729
"query_1",TRUE,1.00266466513757e-07,1884,2815,388,0.137833037300178,0.205944798301486,"GO:0016772","GO:MF","transferase activity, transferring phosphorus-containing groups",18049,2881
"query_1",TRUE,3.67539669303993e-07,287,2815,84,0.0298401420959147,0.292682926829268,"GO:0015291","GO:MF","secondary active transmembrane transporter activity",18049,2388
"query_1",TRUE,3.67539669303993e-07,938,2815,213,0.0756660746003552,0.227078891257996,"GO:0004674","GO:MF","protein serine/threonine kinase activity",18049,944
"query_1",TRUE,1.29479415208449e-05,4152,2815,756,0.268561278863233,0.182080924855491,"GO:0016740","GO:MF","transferase activity",18049,2855
"query_1",TRUE,1.59652596558196e-05,505,2815,123,0.0436944937833037,0.243564356435644,"GO:0022804","GO:MF","active transmembrane transporter activity",18049,3490
"query_1",TRUE,4.62654693980376e-05,22,2815,14,0.00497335701598579,0.636363636363636,"GO:0016168","GO:MF","chlorophyll binding",18049,2640
"query_1",TRUE,5.29596247258301e-05,325,2815,85,0.0301953818827709,0.261538461538462,"GO:0005509","GO:MF","calcium ion binding",18049,1454
"query_1",TRUE,5.98296659700583e-05,193,2815,57,0.0202486678507993,0.295336787564767,"GO:0046873","GO:MF","metal ion transmembrane transporter activity",18049,5628
"query_1",TRUE,0.000106301462368693,351,2815,89,0.0316163410301954,0.253561253561254,"GO:0008194","GO:MF","UDP-glycosyltransferase activity",18049,1567
"query_1",TRUE,0.000134966827397887,33,2815,17,0.00603907637655417,0.515151515151515,"GO:0046910","GO:MF","pectinesterase inhibitor activity",18049,5635
"query_1",TRUE,0.000135499825211949,144,2815,45,0.0159857904085258,0.3125,"GO:0030247","GO:MF","polysaccharide binding",18049,3581
"query_1",TRUE,0.000158545869174505,106,2815,36,0.0127886323268206,0.339622641509434,"GO:0015293","GO:MF","symporter activity",18049,2390
"query_1",TRUE,0.000316087465863198,1030,2815,213,0.0756660746003552,0.206796116504854,"GO:0003700","GO:MF","DNA-binding transcription factor activity",18049,326
"query_1",TRUE,0.00053006035544805,184,2815,52,0.0184724689165187,0.282608695652174,"GO:0038023","GO:MF","signaling receptor activity",18049,4947
"query_1",TRUE,0.000867023389600411,192,2815,53,0.0188277087033748,0.276041666666667,"GO:0060089","GO:MF","molecular transducer activity",18049,7657
"query_1",TRUE,0.00475068941892267,118,2815,35,0.0124333925399645,0.296610169491525,"GO:0016830","GO:MF","carbon-carbon lyase activity",18049,2925
"query_1",TRUE,0.00606655285163871,35,2815,15,0.00532859680284192,0.428571428571429,"GO:0043178","GO:MF","alcohol binding",18049,5162
"query_1",TRUE,0.0067817476020195,72,2815,24,0.00852575488454707,0.333333333333333,"GO:0046915","GO:MF","transition metal ion transmembrane transporter activity",18049,5639
"query_1",TRUE,0.0067817476020195,744,2815,153,0.0543516873889876,0.205645161290323,"GO:0043565","GO:MF","sequence-specific DNA binding",18049,5209
"query_1",TRUE,0.0067817476020195,410,2815,92,0.0326820603907638,0.224390243902439,"GO:0015075","GO:MF","monoatomic ion transmembrane transporter activity",18049,2233
"query_1",TRUE,0.0067817476020195,51,2815,19,0.00674955595026643,0.372549019607843,"GO:0030599","GO:MF","pectinesterase activity",18049,3687
"query_1",TRUE,0.0067817476020195,98,2815,30,0.0106571936056838,0.306122448979592,"GO:0016709","GO:MF","oxidoreductase activity, acting on paired donors, with incorporation or reduction of molecular oxygen, NAD(P)H as one donor, and incorporation of one atom of oxygen",18049,2831
"query_1",TRUE,0.0116599307823872,2994,2815,531,0.188632326820604,0.177354709418838,"GO:0030554","GO:MF","adenyl nucleotide binding",18049,3665
"query_1",TRUE,0.0116599307823872,2708,2815,484,0.171936056838366,0.178729689807976,"GO:0005524","GO:MF","ATP binding",18049,1463
"query_1",TRUE,0.012167093074275,359,2815,81,0.0287744227353464,0.225626740947075,"GO:0030246","GO:MF","carbohydrate binding",18049,3580
"query_1",TRUE,0.0123879261195725,34,2815,14,0.00497335701598579,0.411764705882353,"GO:0035673","GO:MF","oligopeptide transmembrane transporter activity",18049,4812
"query_1",TRUE,0.0130658885403434,50,2815,18,0.0063943161634103,0.36,"GO:0042910","GO:MF","xenobiotic transmembrane transporter activity",18049,5102
"query_1",TRUE,0.0157198683745389,181,2815,46,0.0163410301953819,0.25414364640884,"GO:0016765","GO:MF","transferase activity, transferring alkyl or aryl (other than methyl) groups",18049,2878
"query_1",TRUE,0.0164815264669227,364,2815,81,0.0287744227353464,0.222527472527473,"GO:0016829","GO:MF","lyase activity",18049,2924
"query_1",TRUE,0.0164815264669227,24,2815,11,0.00390763765541741,0.458333333333333,"GO:0010427","GO:MF","abscisic acid binding",18049,2173
"query_1",TRUE,0.0164815264669227,6,2815,5,0.00177619893428064,0.833333333333333,"GO:0120546","GO:MF","oxidoreductase activity, reducing C-O-C group as acceptor",18049,9122
"query_1",TRUE,0.0164815264669227,6,2815,5,0.00177619893428064,0.833333333333333,"GO:0009882","GO:MF","blue light photoreceptor activity",18049,2103
"query_1",TRUE,0.0171415601797239,82,2815,25,0.0088809946714032,0.304878048780488,"GO:0004364","GO:MF","glutathione transferase activity",18049,697
"query_1",TRUE,0.0219635109310864,25,2815,11,0.00390763765541741,0.44,"GO:0019840","GO:MF","isoprenoid binding",18049,3437
"query_1",TRUE,0.0219635109310864,1145,2815,218,0.0774422735346359,0.190393013100437,"GO:0140110","GO:MF","transcription regulator activity",18049,9201
"query_1",TRUE,0.0238512219089198,9,2815,6,0.00213143872113677,0.666666666666667,"GO:0015556","GO:MF","C4-dicarboxylate transmembrane transporter activity",18049,2542
"query_1",TRUE,0.0238512219089198,9,2815,6,0.00213143872113677,0.666666666666667,"GO:0005310","GO:MF","dicarboxylic acid transmembrane transporter activity",18049,1374
"query_1",TRUE,0.0248168609940896,207,2815,50,0.0177619893428064,0.241545893719807,"GO:0106310","GO:MF","protein serine kinase activity",18049,8956
"query_1",TRUE,0.0261513295966569,565,2815,116,0.0412078152753108,0.205309734513274,"GO:0046906","GO:MF","tetrapyrrole binding",18049,5634
"query_1",TRUE,0.0384396448291172,23,2815,10,0.00355239786856128,0.434782608695652,"GO:0016597","GO:MF","amino acid binding",18049,2758
"query_1",TRUE,0.039649409717888,438,2815,92,0.0326820603907638,0.210045662100457,"GO:0004497","GO:MF","monooxygenase activity",18049,799
"query_1",TRUE,0.0424979306757208,2856,2815,499,0.177264653641208,0.174719887955182,"GO:0032559","GO:MF","adenyl ribonucleotide binding",18049,4170
"query_1",TRUE,0.0424979306757208,31,2815,12,0.00426287744227353,0.387096774193548,"GO:0042562","GO:MF","hormone binding",18049,5056
"query_1",TRUE,0.0451246558744048,152,2815,38,0.0134991119005329,0.25,"GO:0015297","GO:MF","antiporter activity",18049,2394
"query_1",TRUE,0.0451246558744048,20,2815,9,0.00319715808170515,0.45,"GO:0016717","GO:MF","oxidoreductase activity, acting on paired donors, with oxidation of a pair of donors resulting in the reduction of molecular oxygen to two molecules of water",18049,2839
"query_1",TRUE,4.82115666436875e-26,1795,625,415,0.664,0.231197771587744,"KEGG:01100","KEGG","Metabolic pathways",3869,184
"query_1",TRUE,8.93028112899388e-21,1089,625,280,0.448,0.257116620752984,"KEGG:01110","KEGG","Biosynthesis of secondary metabolites",3869,185
"query_1",TRUE,3.18363402970243e-09,69,625,34,0.0544,0.492753623188406,"KEGG:00710","KEGG","Carbon fixation by Calvin cycle",3869,118
"query_1",TRUE,3.18363402970243e-09,15,625,14,0.0224,0.933333333333333,"KEGG:00196","KEGG","Photosynthesis - antenna proteins",3869,21
"query_1",TRUE,3.18363402970243e-09,229,625,75,0.12,0.327510917030568,"KEGG:01200","KEGG","Carbon metabolism",3869,187
"query_1",TRUE,2.85282097195915e-07,62,625,29,0.0464,0.467741935483871,"KEGG:00630","KEGG","Glyoxylate and dicarboxylate metabolism",3869,109
"query_1",TRUE,8.64632682288348e-06,30,625,17,0.0272,0.566666666666667,"KEGG:00904","KEGG","Diterpenoid biosynthesis",3869,135
"query_1",TRUE,6.89621643338456e-05,34,625,17,0.0272,0.5,"KEGG:00906","KEGG","Carotenoid biosynthesis",3869,137
"query_1",TRUE,6.89621643338456e-05,51,625,22,0.0352,0.431372549019608,"KEGG:00195","KEGG","Photosynthesis",3869,20
"query_1",TRUE,0.000259342343787209,302,625,76,0.1216,0.251655629139073,"KEGG:04075","KEGG","Plant hormone signal transduction",3869,269
"query_1",TRUE,0.000366719568582481,38,625,17,0.0272,0.447368421052632,"KEGG:00460","KEGG","Cyanoamino acid metabolism",3869,60
"query_1",TRUE,0.000585458298138506,43,625,18,0.0288,0.418604651162791,"KEGG:00900","KEGG","Terpenoid backbone biosynthesis",3869,131
"query_1",TRUE,0.00112108273401663,121,625,36,0.0576,0.297520661157025,"KEGG:00010","KEGG","Glycolysis / Gluconeogenesis",3869,2
"query_1",TRUE,0.00119202421206114,24,625,12,0.0192,0.5,"KEGG:00910","KEGG","Nitrogen metabolism",3869,141
"query_1",TRUE,0.00675552446753488,86,625,26,0.0416,0.302325581395349,"KEGG:00620","KEGG","Pyruvate metabolism",3869,101
"query_1",TRUE,0.00754797838916022,48,625,17,0.0272,0.354166666666667,"KEGG:00999","KEGG","Biosynthesis of various plant secondary metabolites",3869,165
"query_1",TRUE,0.0112161637688052,26,625,11,0.0176,0.423076923076923,"KEGG:00920","KEGG","Sulfur metabolism",3869,142
"query_1",TRUE,0.013502179104,7,625,5,0.008,0.714285714285714,"KEGG:00902","KEGG","Monoterpenoid biosynthesis",3869,133
"query_1",TRUE,0.0139124511610492,82,625,24,0.0384,0.292682926829268,"KEGG:00480","KEGG","Glutathione metabolism",3869,62
"query_1",TRUE,0.0178709632073495,93,625,26,0.0416,0.279569892473118,"KEGG:00270","KEGG","Cysteine and methionine metabolism",3869,31
"query_1",TRUE,0.0181844195116231,127,625,33,0.0528,0.259842519685039,"KEGG:00500","KEGG","Starch and sucrose metabolism",3869,63
"query_1",TRUE,0.0243899449748254,185,625,44,0.0704,0.237837837837838,"KEGG:01230","KEGG","Biosynthesis of amino acids",3869,191
"query_1",TRUE,0.0244417771266545,50,625,16,0.0256,0.32,"KEGG:00260","KEGG","Glycine, serine and threonine metabolism",3869,29
"query_1",TRUE,0.0284929031367574,38,625,13,0.0208,0.342105263157895,"KEGG:04712","KEGG","Circadian rhythm - plant",3869,360
"query_1",TRUE,0.0477479541209119,36,625,12,0.0192,0.333333333333333,"KEGG:00860","KEGG","Porphyrin metabolism",3869,130
